Word,totalReadingTime
,3033
Este,269
clar,551
că,65
este,651
nevoie,317
de,231
structură,803
diferită,495
a,124
"cărților,",491
deoarece,373
acestea,64
sunt,319
"urmare,",236
liniar.,426
destinate,1273
să,50
fie,123
(cel,246
puțin,185
în,184
cele,311
din,307
urmă),369
tipărite,617
"și,",123
prin,311
ar,51
trebui,481
aibă,585
stil,116
un,400
Pentru,496
a,61
atenua,553
problemele,741
de,227
"indexare,",602
expresia,566
sizeof(),564
este,287
utilizată,370
în,123
mod,474
obișnuit,537
la,101
codificarea,1017
buclelor,832
care,557
procesează,554
Partea,1430
nordică,658
a,123
"continentului,",1150
care,557
acoperă,248
o,309
mare,308
parte,558
din,365
"Siberia,",1034
"era,",383
de,353
tundrei.,373
"asemenea,",801
inaccesibilă,1324
nomazilor,1456
stepă,1111
cauza,516
pădurilor,998
dense,577
și,125
Fonturile,874
decorative,1108
sunt,310
mai,186
potrivite,556
pentru,742
caractere,916
de,617
afișare,865
(mai,493
mari,316
14,311
puțin,249
în,66
"puncte),",1118
timp,304
ce,255
caracterele,1312
simple,494
text,187
puncte).,372
Aceste,369
diagrame,1174
trebuie,358
interpretate,716
ca,285
niște,333
hărți,552
"topografice,",679
unde,249
liniile,314
reprezintă,1148
curbe,384
de,52
nivel,166
A,62
fost,497
descoperită,800
de,125
goons,1674
și,123
alți,185
vorbitori,430
engleză,740
"și,",123
pentru,307
o,246
"vreme,",1242
postarea,1088
între,400
cele,349
două,200
limbi,384
a,167
înflorit.,469
Respirația,617
de,317
salvare,984
este,184
utilizată,434
dacă,308
victima,558
nu,113
începe,701
să,168
respire,299
atunci,940
când,741
se,63
deschid,1238
căile,437
respiratorii.,1794
Ambele,1393
utilizează,1372
intensiv,679
funcțiile,748
matematice,1066
pentru,351
a,156
descrie,566
și,112
prezice,552
lucru,366
acest,383
"continue,",663
unor,374
sunt,283
fizice,784
fenomene,1177
care,350
supuse,952
schimbări,744
iar,168
necesită,1087
calculului.,1287
utilizarea,747
Ei,187
au,184
lăsat,996
în,248
urmă,882
o,101
profeție,967
conform,359
căreia,1431
lumea,248
se,245
va,60
sfârși,485
la,181
21,199
decembrie,519
2012,1323
și,435
avea,249
loc,300
cel,115
de-al,284
cincilea,335
ciclu,398
al,283
lumii.,168
Unda,746
purtătoare,1148
este,284
"filtrată,",600
iar,233
un,217
difuzor,601
cântă,431
în,186
funcție,434
de,125
amplitudinea,2044
semnalului.,879
Recomandăm,1326
această,500
licență,398
în,102
principal,1593
pentru,308
lucrări,848
al,217
căror,349
scop,382
este,202
de,269
instruire,2102
sau,547
referință.,448
În,1200
loc,217
să,124
vă,366
bazați,383
pe,51
faptul,483
că,432
aceștia,488
au,186
shell-ul,675
"potrivit,",371
puteți,183
specifica,901
pur,50
și,101
simplu,585
ce,124
shell,309
ar,122
trebui,371
din,1620
Întotdeauna,1856
"patriot,",678
Laurens,868
a,123
continuat,925
să,185
își,185
servească,592
națiunea,817
ca,168
unul,433
dintre,458
cei,1179
1782,776
trei,186
reprezentanți,901
selectați,664
pentru,1228
negocia,373
condițiile,622
la,167
Conferința,1148
de,670
pace,269
Paris,369
din,434
Fiecare,308
parte,396
și-a,232
determinat,1268
noii,215
parteneri,1124
să,186
se,369
alăture,1574
prin,266
oferirea,415
de,64
concesii,1175
teritoriale.,978
În,61
încercarea,1235
de,217
a,61
îmbunătăți,1224
"acuratețea,",1465
armata,556
angajat,431
un,244
grup,272
mare,483
pentru,1053
diferențiale,795
continuu,602
calcula,796
matematicieni,1766
ecuațiile,615
necesare,437
rezolvarea,866
tabelelor,599
tragere,347
balistică.,681
Capitolul,1098
al,102
doilea,217
investighează,1537
această,615
legătură,1247
puțin,282
mai,217
"amănunțit,",398
discutând,1178
gimnastica,677
mentală,682
a,115
rezolvării,749
problemelor.,1112
Tabloul,899
clasic,183
Playfair,997
este,124
format,248
din,370
patru,620
"alfabete,",823
de,686
obicei,450
în,61
aranjament,1350
"pătrat,",1451
două,492
texte,245
clar,246
și,62
cifrate.,747
Deoarece,552
un,515
singur,603
reflector,534
parabolic,1000
atinge,124
o,122
precizie,371
de,246
focalizare,1438
mai,485
mare,557
decât,601
ceea,234
temperatură,1311
orice,797
banc,806
"oglinzi,",809
focalizarea,851
este,282
folosită,122
pentru,495
a,123
permite,681
"ridicată,",649
ce,218
conversie,1662
foarte,851
eficientă,717
căldurii,436
în,62
generator,883
mecanică,1048
energie,493
acționa,474
electric.,668
Teatrul,998
a,102
contribuit,667
cu,191
strigăte,738
"dramatice,",990
inclusiv,185
cele,250
ale,124
lui,371
Mary,247
Otis,432
Warren.,820
Aproape,801
de,123
sfârșitul,672
"războiului,",1799
Germania,599
încearcă,384
să,266
lupte,202
pentru,364
o,125
ultimă,494
luptă,1165
Aliații.,634
Oțelurile,1176
sunt,432
adesea,555
supuse,558
la,1050
o,101
varietate,1006
de,186
tratamente,867
termice,617
concepute,677
pentru,1303
a,617
produce,369
diverse,745
combinații,929
faze,374
stabile,496
și,186
metastabile,3101
ale,373
fierului.,498
Până,301
în,231
anii,168
"1960,",433
tot,167
mai,355
multe,307
trimiteri,676
poștale,500
erau,184
francate,1679
cu,114
aparate,480
de,248
taxat,567
tradiționale.,184
decât,619
timbre,333
adezive,750
Lucrarea,1125
combinată,884
trebuie,318
să,165
conțină,377
doar,248
un,186
singur,433
exemplar,370
al,62
prezentei,869
"licențe,",744
exemplar.,1699
iar,310
secțiunile,616
invariabile,741
multiple,712
și,165
identice,1102
pot,234
fi,115
înlocuite,860
cu,122
În,311
"timp,",434
carnea,664
se,166
înmoaie,482
și,51
își,549
dezvoltă,536
mai,557
mult,248
"gustul,",681
iar,214
pentru,499
anumite,533
tipuri,832
învechire.,350
carne,497
de,373
acest,542
proces,373
poate,151
fi,232
prelungit,883
cu,118
grijă,426
printr-un,804
numit,430
James,559
a,100
fost,307
răsturnat,1942
(din,189
punct,435
de,124
vedere,372
"tehnic,",431
reținut,1067
Parlament),63
în,126
sânge.,63
fără,65
Revoluția,992
Glorioasă,1241
din,245
"1688,",491
care,682
avut,118
loc,600
vărsare,907
Ca,318
și,417
în,63
cazul,62
creării,2008
de,316
tablouri,433
fără,701
alocare,1703
"dinamică,",664
programatorul,1651
trebuie,724
utiliza.,1243
înainte,201
sensibile,1084
valori,892
tabloul,184
inițializeze,2237
cu,187
a-l,499
A,516
trăi,1527
complet,309
în,246
acest,373
mod,251
într-o,611
societate,450
urbanizată,950
și,100
industrială,829
înseamnă,569
a,61
te,124
periferie.,63
la,99
retrage,550
Stăpânii,618
războiului,803
din,248
numeroasele,1259
provincii,683
ale,166
Chinei,619
se,178
dușmăneau,63
în,61
mod,435
"descentralizat,",1529
era,243
guvernul,451
"constant,",1316
iar,218
central,927
slab,370
și,63
neputând,1535
face,248
nimic,309
pentru,1207
conflictul.,532
opri,485
A,116
doua,1050
"zi,",116
în,63
timpul,493
Fajr,683
"Salaah,",868
l-a,249
înjunghiat,62
pe,311
Sayyiduna,245
Umar,63
(radi,62
Allahu,185
anhu),435
grav,188
rănindu-l,432
"spate,",247
de,124
6,63
ori,123
Deoarece,1219
ideea,248
elementară,1051
de,122
funcții,250
este,497
mai,561
bine,314
înțeleasă,246
din,125
punct,307
vedere,743
continuare.,484
în,282
vom,115
o,61
"clasic,",498
folosi,68
Această,333
problemă,748
a,116
agitat,309
teologii,620
și,118
filozofii,624
timp,683
secole,101
de,63
nu,99
fost,201
niciodată,1250
satisfăcător.,996
în,188
rezolvată,743
mod,309
Dacă,225
este,497
"posibil,",310
găsiți,308
un,186
apicultor,775
din,114
zona,219
dumneavoastră,985
care,246
ar,63
putea,309
fi,123
dispus,556
noului,166
timpul,166
vă,383
sau,216
ghideze,560
să,317
chiar,500
îndrume,1157
în,62
interes.,1000
Deși,754
necesită,600
"disciplină,",600
este,275
extrem,371
de,115
important,742
să,129
se,101
lucreze,534
sistematic,601
în,117
sens,517
"persoană,",676
pentru,309
acestora.,311
"timp,",384
invers,267
epuizând,832
toate,412
sursele,373
înregistrări,1118
fiecare,377
înainte,1002
a,100
ocupa,433
părinții,520
și,247
bunicii,370
Scoateți-le,1861
prin,225
găurire,1749
folosind,352
Scoateți-le,1623
prin,123
găurire,482
folosind,620
o,63
viteză,371
foarte,410
mică,218
de,314
sau,369
utilizați,488
unealtă,682
extragere,255
șuruburilor,1370
pentru,434
șuruburile,1504
blocate.,620
Pe,1057
lângă,776
faptul,433
că,101
a,114
fost,1299
regină,383
Regatului,789
Unit,244
al,434
Marii,249
Britanii,431
și,187
"Irlandei,",399
primul,669
monarh,555
care,185
folosit,185
titlul,307
de,290
Împărăteasă,486
Indiei.,502
"Adesea,",991
paginile,559
de,123
discuții,1246
ale,153
subiectelor,999
controversate,702
pot,308
fi,311
foarte,186
intens,369
utilizate.,1255
Elementul,1726
central,327
al,105
mănăstirii,564
renovate,992
a,63
fost,246
un,122
altar,187
dedicat,310
lui,332
Edward.,268
Mulți,1150
protiști,1922
de,434
apă,309
dulce,370
au,123
vacuole,1474
contractile,1630
care,309
pompează,866
excesul,869
din,248
interiorul,1485
menținând,1102
"celulă,",809
astfel,572
o,61
concentrație,1675
adecvată,495
ioni,248
și,373
molecule,620
în,308
celulei.,559
Prin,557
"urmare,",484
indiferent,1381
cât,116
de,127
mult,231
argou,561
folosiți,555
în,122
limba,353
dvs.,372
"maternă,",165
limitarea,469
utilizării,1295
argoului,679
franceză,817
(proporțional,1190
cu,65
nivelul,622
fluență),429
va,61
"limita,",1029
ascultătorii,1827
"asemenea,",892
sunteți,384
tratat,318
condescendență,3384
și,428
râsul,316
către,600
nativi.,267
Dacă,864
"nu,",622
masați,933
ușor,331
mușchiul,1574
"înghesuit,",739
puteți,434
"încerca,",772
de,116
"asemenea,",567
să,232
aplicați,682
Analizatorul,1938
lexical,1099
este,477
partea,375
din,368
compilator,993
care,496
elimină,555
spațiile,370
albe,1395
și,52
alte,1114
caractere,1234
necompilabile,2170
codul,529
sursă.,500
Atunci,1177
când,313
un,167
text,116
nu,517
susține,1244
această,308
"regulă,",1056
chiar,248
și,243
elev,267
sârguincios,248
este,371
nevoit,621
materialul.,1211
inutil,834
repete,250
să,168
Cu,311
toate,311
"acestea,",433
Washingtonul,1181
a,124
devenit,632
foarte,334
îngrijorat,989
de,373
faptul,311
că,61
partidele,1214
sfârșitul,644
"Franța,",370
câștiga,578
ar,189
locale,1181
comuniste,951
putea,369
puterea,616
în,123
Italia,433
și,60
Grecia,490
la,123
anilor,584
postbelice,685
europene,705
economiei,861
precară,1471
starea,514
vedere,779
având,496
"1940,",1637
apropierea,1050
Uniunii,628
Sovietice.,310
După,550
"război,",317
Hitler,367
a,66
rămas,392
în,100
armată,373
"și,",122
după,309
ce,124
primit,495
cursuri,681
informații,724
partidele,501
infiltrarea,689
însărcinat,1112
"oratorie,",1305
devenit,367
ofițer,399
de,501
cu,184
politice,1349
raportarea,620
către,247
superiorii,616
săi,184
privire,367
la,63
activitățile,555
acestora.,678
În,1216
aceste,333
"cazuri,",250
rolul,369
agentului,668
de,229
punere,1211
în,124
aplicare,1046
este,306
a,185
furniza,491
inputurile,249
"inclusiv,",432
"bază,",557
dar,215
"numai,",1813
capitalul,739
care,435
va,167
da,368
startul,442
proiectului,685
și,232
permite,560
plecarea,617
după,496
impuls,1091
propriul,1400
continue,721
să,185
acestuia,742
sub,250
aplicare.,433
În,435
"general,",1220
le,100
este,600
mai,294
bine,309
să,60
își,123
folosească,63
"Ne-ul,",1914
precum,450
și,63
capacitățile,932
de,494
ale,868
raționament,934
lui,1026
"Ti,",101
pentru,800
a,65
afla,407
"adevărul,",682
decât,499
se,62
bazeze,309
pe,184
tradițiile,1049
Si.,399
Este,248
posibil,494
ca,51
unele,51
părți,667
să,547
nu,186
fie,187
consumate,1686
"niciodată,",801
iar,768
altele,526
sunt,249
procesate,862
suplimentare,1454
mod,415
în,124
normal,599
și,201
carne,818
cușer,682
Statele,684
"Unite,",391
din,168
cauza,282
muncii,499
care,372
implică.,372
Două,699
sau,63
mai,284
multe,383
state,356
nu,184
vor,372
încheia,497
niciun,557
"tratat,",300
confederație,783
alianță,699
între,436
"reunit,",618
și,61
se,249
"ele,",620
fără,247
consimțământul,2901
Statelor,818
Unite,715
în,186
Congresul,1663
specificând,983
cu,102
exactitate,1624
acestuia.,807
durata,760
încheie,745
pentru,1098
scopurile,1188
care,538
de,280
valabilitate,951
a,51
Până,232
la,384
începutul,500
secolului,1137
al,435
"XIX-lea,",1011
naturaliștii,1033
și,168
oamenii,794
de,122
știință,619
au,61
observat,614
cei,282
proveneau,593
între,532
esențiale,883
diferențe,749
compușii,740
care,482
din,218
ființe,383
vii,448
nu,1291
vii.,167
A,151
avut,318
un,525
dosar,432
de,165
serviciu,1555
exemplar,652
și,247
a,125
primit,574
prestigioasa,1060
Cruce,310
"Fier,",310
atât,767
clasa,335
cât,701
"II-a,",308
"obținut,",494
"asemenea,",432
gradul,475
caporal.,334
În,268
etapa,414
"finală,",812
unul,123
dintre,557
hidrogenii,1113
moleculei,1429
de,681
apă,234
legată,1198
este,244
atacat,554
o,167
altă,751
moleculă,1258
"apă,",246
lăsând,430
un,668
alcool.,333
Este,805
important,435
ca,310
atunci,739
când,316
planificați,783
o,101
lecție,490
de,183
învățare,685
mixtă,554
în,187
clasele,433
primare,831
vă,123
să,115
concentrați,680
pe,186
unitate,309
"studiu,",514
apoi,334
împletiți,650
cu,115
Cele,246
mai,186
multe,372
interogări,927
DNS,496
(cum,556
fi,185
cererile,559
de,123
rezolvare,572
a,284
numelui),881
utilizează,672
"mică,",583
sarcină,687
deoarece,617
"UDP,",632
conexiuni,1601
cantitatea,1767
date,874
transferate,685
este,217
iar,282
stabilirea,1051
nume.,1420
sesiunii,1114
ar,151
introduce,583
un,217
trafic,398
și,186
o,123
inutile,1266
asupra,764
serverelor,744
Unii,851
elevi,352
consideră,625
că,248
ablativul,685
este,184
"dificil,",434
deoarece,495
uneori,494
seamănă,492
cu,309
nominativul,1367
"singular,",818
dativul,370
plural,310
sau,309
niciunul,375
dintre,308
acestea.,233
sămânța.,233
La,351
multe,266
specii,526
"anuale,",681
în,123
condiții,678
nefavorabile,942
de,168
uscăciune,483
sau,215
"frig,",117
există,350
doar,929
sămânța.,802
Cu,300
toate,217
"acestea,",415
ploile,530
abundente,739
și,185
persistente,1590
furtunile,833
pot,235
provoca,663
inundații,233
ploi.,681
cauzată,721
gravă,600
înnămolire,1332
a,124
"solului,",493
precum,494
eroziune,1106
de,311
Pierderea,1148
în,101
greutate,282
necesită,434
ca,116
aportul,481
de,283
calorii,496
să,51
fie,116
mai,125
mic,495
decât,184
producția,522
"calorii,",961
deși,248
niciuna,310
dintre,310
acestea,185
nu,61
trebuie,725
făcută,350
la,51
Printre,642
aceste,744
tehnologii,866
se,249
număra,1495
fisiunea,1700
"nucleară,",1266
care,249
constă,382
în,215
divizarea,1060
unui,497
zece,333
atom,1090
foarte,367
electronegativ,4049
atomi,368
mai,402
mici,415
și,125
produce,682
energie,679
de,284
ori,499
mare.,429
Majoritatea,1753
algelor,1134
"marine,",317
cum,126
ar,310
fi,61
kelps,990
(alge,184
brune,370
foarte,167
mari,152
din,249
ordinul,599
"superficiale,",745
unei,898
ciuda,573
"Laminariales),",1934
în,126
aparențe,1360
nu,184
au,496
tulpini,374
"adevărate,",618
"frunze,",680
superioare.,62
găsește,372
sistem,400
de,346
fel,248
nici,185
rădăcini,746
și,61
un,309
"vascular,",1267
așa,115
se,187
la,124
plantele,493
În,681
calitate,247
de,186
"guvernator,",1490
a,218
urmat,310
o,64
politică,997
atât,217
strictă,267
numi,1121
în,63
funcții,432
doar,733
America.,334
colegi,1150
"republicani,",585
încât,807
devenit,492
părintele,800
sistemului,802
sporuri,491
din,186
Oficialii,2365
britanici,115
din,186
domeniul,116
comerțului,51
au,185
considerat,100
că,50
prima,168
prioritate,667
popularea,1204
zonelor,874
recent,573
securizate,1702
Canada,616
Florida,682
(cu,247
referire,568
la,333
Tratatul,599
de,200
patria,1178
comerț,247
facă,308
"Paris),",1110
unde,126
se,733
putea,233
aștepta,483
în,50
mod,51
rezonabil,780
ca,125
coloniștii,615
să,63
cu,186
mamă.,870
Unele,1356
dintre,217
aceste,916
variații,418
se,298
referă,250
la,1084
"comisioane,",968
protecția,680
împotriva,735
descoperirilor,2213
curente,1099
de,249
"cont,",372
soldurile,116
"minime,",119
legăturile,768
permise,1291
între,371
conturi,185
(de,287
"exemplu,",649
și,283
economii),332
regulile,604
deschidere,1054
a,435
Liniile,1052
rigide,495
sunt,311
adesea,492
realizate,890
pentru,634
a,62
fi,51
presurizate,1194
cu,61
azot,311
sau,306
aer,186
"deshidratat,",1908
mii,1291
generate,938
temperaturile,1268
în,122
energie,1214
wați,384
de,166
care,307
asigură,431
un,249
dielectric,2767
excelent,1454
chiar,376
și,189
la,63
ridicate,500
special,1306
timpul,513
căldurii,535
intense,482
vară,252
soarelui.,373
Cu,498
toate,599
"acestea,",650
în,218
"general,",704
este,188
necesar,1303
să,184
se,245
aplice,374
aceste,433
legi,122
la,186
un,186
volum,369
de,493
control,699
"infinitezimal,",1595
apoi,371
utilizeze,554
ecuațiile,836
diferențiale,1160
Aceste,1643
stiluri,449
de,49
pachete,803
nu,62
se,61
descurcă,1180
bine,310
împotriva,463
pachetelor,833
cu,152
orice,166
tip,1512
dezorganizare,1487
sau,267
"control,",500
așa,183
că,101
în,166
prezent,576
văd,251
prea,127
mult,315
Din,334
cauza,366
faptului,633
că,116
aparatul,1299
său,334
de,116
împerechere,733
este,50
"ghimpat,",60
asemănător,63
cu,310
corpul,483
smuls,410
acesta,493
"muncitor,",746
unui,346
înțepătura,1517
va,300
fi,123
din,317
după,1080
"împerechere,",416
iar,488
spre,152
cădea,499
pământ,627
singurul,494
rezultat,683
posibil:,247
moartea.,643
"Romanii,",1019
care,743
au,247
folosit,553
inițial,246
acest,392
"stil,",666
l-au,234
considerat,532
greoi,328
și,205
greu,370
de,62
manevrat,424
pe,187
muntoasă,1056
terenul,555
accidentat,558
al,126
Italiei.,307
Pe,65
lângă,248
Pe,310
lângă,434
vocabularul,742
"nou,",300
ar,165
trebui,717
să,100
vă,1110
uitați,372
și,249
la,309
modul,248
în,494
care,601
se,101
conjugă,699
verbele,370
funcție,310
de,123
subiectul,437
Cu,465
dimensiuni,850
"variate,",560
de,235
la,125
lacuri,867
mari,349
și,117
văi,368
închise,416
iazuri,1552
îngropată,1650
lăsate,1897
urmă.,62
"miniatură,",849
aceste,550
depresiuni,1609
au,125
fost,184
gheața,550
care,217
s-a,233
topit,266
în,216
cele,683
din,417
Formarea,1031
acestui,1235
intermediar,1618
cea,61
reacția,1083
în,368
"au,",620
ulterioară,868
"general,",565
o,52
barieră,849
de,63
energie,803
directă,484
necesară,869
decât,644
mică,165
mult,368
activare,882
mai,117
pentru,1127
transformare,2871
a,494
reactanților,1537
produși.,776
Acordurile,2434
dvs.,368
juridice,617
ar,314
trebui,315
să,217
treacă,1351
prin,166
mai,602
multe,867
iterații,431
în,186
procesul,62
de,124
lizibilitatea,1653
simplificând,765
fiecare,249
"redactare,",804
iterație,274
termenii,434
și,67
îmbunătățind,333
utilizabilitatea,2597
acestora.,995
Tot,384
ceea,116
ce,166
studiați,741
este,123
conceput,743
pentru,391
a,124
vă,184
pregăti,370
sinteze,501
organice,1890
și,61
alte,1449
transformări,2248
chimice,483
efectuate,1542
laborator.,1370
rezultatele,994
Vă,247
va,188
duce,306
la,58
pagina,484
care,384
corespunde,966
cererii,672
"dumneavoastră,",1484
în,184
caz,311
contrar,619
afișa,1049
rezultatele,1238
căutării.,1801
Descrierea,1743
configurației,1706
relative,551
este,532
încă,448
utilizată,371
în,125
principal,808
Acestea,806
transformă,929
Acestea,814
transformă,883
energia,483
solară,471
în,246
energie,679
chimică,789
prin,1266
absorbția,667
luminii,496
solare,368
și,122
utilizarea,954
acesteia,552
pentru,1066
a,300
stimula,991
sinteza,494
compușilor,815
"organici,",1132
cum,217
ar,116
fi,124
"zahărul,",373
din,188
carbon,433
dioxid,562
de,61
apă.,124
Aceasta,1865
include,124
"predarea,",2234
practica,1307
generală,993
a,1643
"medicinei,",550
cercetarea,61
"medicală,",803
"misionară,",1296
"antreprenoriatul,",2566
"religioase,",1237
domeniile,805
munca,466
"socială,",386
dezvoltarea,666
"coaching-ul,",618
"consilierea,",352
"publice,",316
"corporatistă,",1341
formarea,620
"comunitară,",1182
artele,308
"creative,",370
"actoria,",684
"radiodifuziunea,",1266
"consultanța,",481
relațiile,449
publicitatea,434
și,62
safanin,117
Clătirea,1904
cu,493
alcool,247
nu,123
îndepărtează,283
cristalul,385
violet,366
care,740
maschează,1042
colorantul,444
roșu,1810
adăugat.,2203
safanin,2313
De,499
"asemenea,",601
a,268
fost,268
responsabil,1115
de,166
contrabandă,847
cu,102
droguri,733
și,122
crime,383
mituit,805
atât,558
"poliția,",309
cât,186
politicieni,552
importanți.,685
Un,167
astfel,468
de,188
acces,123
ar,1057
putea,310
fi,123
utilizat,381
pentru,167
autentificarea,1153
la,62
"conectare,",1181
crearea,1836
unui,1201
recuperate,51
Un,283
nou,848
cont,62
de,65
utilizator,554
sau,308
salvarea,293
informații,517
textuale,633
pentru,268
a,66
fi,116
recuperate,712
și,1364
studiate,774
în,101
viitor.,416
Eroul,1379
fost,465
apoi,50
chemat,785
să,122
participe,682
la,624
cel,125
de-al,249
doilea,868
"rit,",558
al,432
"cuceririi,",1017
învingându-l,1631
Claudius.,878
mercenar,738
generalul,432
pe,371
Au,435
produs,1231
Au,185
produs,123
peste,371
90%,239
din,150
filmele,400
de,133
ficțiune,783
America,1291
și,311
și-au,317
distribuit,501
atât,339
internațional.,864
"național,",492
nivel,63
la,249
cât,64
În,495
"schimb,",187
trece,1056
imediat,496
la,62
biții,371
de,62
"oprire,",832
ceea,385
ce,184
reprezintă,999
o,257
recunoaștere,1551
a,593
faptului,1265
că,562
verificarea,1872
parității,2081
acest,247
nivel,556
este,370
cu,184
adevărat,434
inutilă.,182
Am,765
discutat,413
deja,372
despre,1182
unele,450
dintre,186
"acestea,",734
însă,333
cunoașterea,1001
seturilor,743
adaugă,1641
nouă,600
definiție,692
pentru,492
fiecare,308
următoarele,1137
idei.,268
În,61
cele,374
din,122
"urmă,",126
studiul,375
a,217
analizat,494
conversia,599
fosfolipidelor,1242
bogate,467
în,350
polinesaturate,3619
C.,64
fosfolipazei,2482
triacilgliceride,3911
prin,356
intermediul,783
unei,448
căi,335
Exercițiile,1234
și,165
secțiunile,713
de,730
recapitulare,868
contribuie,909
în,116
mod,367
ideal,349
la,101
un,232
model,401
conceput.,561
repetiție,1053
formarea,247
Condițiile,1881
de,62
"mediu,",1005
cum,560
ar,249
fi,62
curentul,868
sau,124
gradienții,1184
"temperatură,",2014
determină,492
două,247
formarea,2170
a,247
bule,654
care,231
conțin,318
concentrații,1075
similare,556
Lentilele,1316
cu,284
zoom,126
"motorizate,",950
controlate,1057
"electronic,",794
sunt,783
amplasate,1198
ambele,557
atât,116
pe,133
lentile,246
"cameră,",1798
să,311
astfel,126
între,185
sincronizate,433
proiector,433
cât,123
și,124
"ele,",184
încât,308
moment.,123
mărească,1177
împreună,495
la,124
aceeași,369
distanță,311
focală,309
în,124
orice,245
Cu,50
toate,366
"acestea,",370
atenuarea,682
nu,246
poate,371
merge,648
decât,266
până,268
la,167
nivelul,232
plasticii,612
sinaptice,804
aspectele,438
neurobiologice.,332
corticale,690
a,67
"creierului,",432
deoarece,268
gravitatea,810
ADHD,310
depinde,621
în,123
principal,554
de,369
Configurația,983
poate,234
"fi,",168
de,116
"asemenea,",489
atribuită,621
pe,248
baza,185
pur,183
empirică,425
a,116
activității,334
Adaugă,1924
un,124
buton,233
bara,334
de,115
instrumente,866
editare,495
din,118
editorul,632
"surse,",424
încât,493
legături,384
utilizatorilor,772
convenabil,661
cel,124
este,166
mai,310
pentru,365
paginile,834
discuții,310
dacă,399
ale,311
cu,216
"roșii,",615
economisi,373
poate,123
dar,249
clic,62
sau,184
două,245
și,124
în,61
alte,185
"cazuri,",278
chiar,168
nu,101
la,51
fel,650
Twinkle.,496
ca,62
rapid,338
Încurajat,916
de,62
susținătorii,670
din,187
sud,62
(mulți,249
dintre,185
ei,124
i-au,184
trimis,249
lui,61
Brooks,245
bastoane,551
"noi,",216
în,493
semn,604
aprobare,558
acțiunilor,370
"sale),",309
s-a,61
întors,186
după,282
o,317
realegere,647
răsunătoare.,768
El,612
crede,233
că,652
ei,51
exprimă,482
aceleași,851
preocupări,537
pe,186
care,372
le,62
simte,306
și,125
"el,",796
dar,101
într-un,267
mod,800
el.,434
"diferit,",432
este,310
obligat,308
moral,721
să,118
tolereze,950
pentru,401
sunt,125
mai,495
slabi,122
împărțiți,311
electronilor,123
Chimia,1548
organică,851
se,284
concentrează,821
asupra,312
carbonului,433
și,66
urmărește,498
mișcarea,534
în,120
precum,309
inelele,1249
electronilor,1562
lanțurile,371
de,166
"carbon,",305
modul,124
care,51
electronii,834
sunt,816
atomi,284
alți,487
cu,61
împărțiți,1485
carbon,301
heteroatomi.,616
La,1091
sfârșitul,435
"secvenței,",1429
o,186
racletă,307
îndepărtează,1238
tonerul,776
rămas,384
pe,65
tambur,434
și,101
întregul,817
proces,681
se,63
repetă,496
cu,61
nouă,344
descris,557
Urmăriți,900
câinele,615
pentru,465
a,62
vă,51
asigura,781
că,186
nu,123
scuipă,184
pastila,433
după,183
ce,184
mâncat,430
așa,66
forțați,924
acest,308
(dacă,266
recompensa,1216
se,99
întâmplă,357
"lucru,",307
va,123
trebui,188
să,60
"pastila,",218
cum,267
este,783
descris,630
mai,124
jos).,433
În,61
cadrul,125
În,369
cadrul,189
conferinței,1125
au,100
fost,267
prezentate,717
datele,167
inițiale,459
ale,248
analizei,248
medicamentului,1734
cardiovasculare,1426
boli,333
pentru,451
Peroxidul,850
de,622
hidrogen,666
se,185
va,310
degrada,1735
spontan,51
în,50
apă,50
oxigen,1134
punctul,63
spațiale.,61
"molecular,",117
însă,869
accelerează,50
catalizator,332
unui,570
prezența,984
această,348
reacție,124
până,431
la,62
care,64
a,248
combustibil,1177
sursă,768
ca,53
folosit,513
pentru,433
torpile,549
și,233
chiar,317
nave,112
Chitara,517
este,467
un,124
instrument,678
de,123
transpoziție,2101
notată,552
cu,248
o,124
octavă,495
mai,309
sus,311
decât,994
standard.,1378
notația,668
înălțimea,1410
sa,932
reală,401
pentru,497
a,63
evita,311
utilizarea,307
clapei,558
bas,463
în,60
Atașarea,1496
la,187
fibră,370
este,122
"atribuită,",1613
cel,371
puțin,432
"parțial,",186
formării,1142
de,183
săruri,683
între,290
grupele,574
cationice,681
din,188
anionice,755
coloranți,1051
și,168
În,167
acest,167
"sistem,",865
compușii,628
sunt,306
denumiți,922
prin,124
analogie,63
cu,126
"gliceraldehida,",124
ceea,62
ce,249
"neambigue,",2653
denumiri,980
general,1182
în,186
produce,1041
dar,217
este,231
cel,245
mai,309
ușor,184
de,124
observat,682
cazul,523
gliceraldehidei.,100
similare,930
biomolecule,1451
micilor,984
Suzuki,495
Pureharp,2178
este,247
unul,247
dintre,249
modele,568
micile,855
de,50
producție,716
care,156
folosesc,1262
lemnul,1365
ca,556
"acoperire,",1593
ceea,63
ce,121
produce,807
un,124
sunet,293
plăcut,417
Este,1083
utilizat,1928
de,433
sistemul,10938
"imunitar,",583
pentru,299
sinteza,433
"ADN-ului,",804
vindecarea,614
rănilor,310
hormonală.,600
și,299
creșterea,701
dezvoltarea,780
normală,803
în,123
perioadele,479
cu,333
activitate,666
O,126
utilizare,683
intensă,933
a,115
spider-ului,1802
poate,62
duce,434
la,62
blocarea,620
accesului,431
"site,",310
cu,200
"prejudicii,",1281
dumneavoastră.,1112
IP-ului,435
sau,311
Folosește,739
aceleași,871
forme,374
de,124
acorduri,1122
ca,232
și,167
Open,716
"E,",52
dar,183
este,229
mai,184
ușor,310
pentru,617
gâtul,392
tensiunea.,378
"chitarei,",1035
deoarece,794
corzile,372
sunt,247
"dezacordate,",600
reducând,535
Deși,315
unele,310
cadre,249
sunt,314
prevăzute,544
cu,181
trei,167
orificii,584
pentru,333
știfturile,2635
"poziționare,",62
anumită,670
doar,494
funcționează,436
să,52
frâne,202
într-o,933
"poziție,",650
așa,350
"că,",874
timpul,372
"dezasamblării,",1238
fost,116
rețineți,383
trebuie,216
ce,182
folosite.,300
Aceasta,374
este,124
doar,431
una,254
dintre,448
numeroasele,667
realizări,619
modul,429
ale,244
ingineriei,988
care,742
ne-au,234
permis,717
nutriție.,550
să,437
cuantificăm,964
și,62
înțelegem,549
gena,500
umană,401
în,63
aceasta,249
legată,331
de,615
În,63
nordul,430
Europei,559
(nordul,308
"Germaniei,",619
Țările,123
de,62
Jos,61
și,117
"Franța),",309
clasa,167
mijloc,383
avea,600
tendința,781
fi,183
"protestantă,",993
ceea,433
ce,62
corespundea,519
cu,51
etica,333
filozofia,366
muncii.,283
O,63
astfel,803
de,122
cavitate,435
poate,122
oferi,190
numeroase,497
avantaje,496
funcționale.,556
Pentru,567
a,64
obține,517
acest,566
"câmp,",218
camera,371
trebuie,605
să,123
fie,124
suficient,370
de,124
"reverberantă,",65
iar,633
evita,119
frecvențele,765
înalte,922
pentru,384
efectele,299
modurilor,817
predominante.,715
Vacuola,1035
alimentară,774
formată,369
",",61
apoi,494
fuzionează,633
cu,203
un,232
lizozom,384
și,216
digeră,449
Toate,569
celelalte,666
lucruri,475
fiind,559
"egale,",368
nucleofilii,742
"sunt,",223
în,217
"general,",349
comparați,701
între,1097
ei,560
reactivitatea,865
privește,393
ceea,555
ce,123
Proiectele,1049
de,123
lege,309
private,372
afectează,1359
o,165
anumită,268
"companie,",575
persoană,368
sau,185
altă,184
entitate,439
publice).,434
anumite,400
(de,189
"exemplu,",556
autorizarea,679
unor,245
construcții,301
majore,500
pe,117
terenuri,267
Faceți,651
clic,167
pe,100
butonul,450
MAC,331
sau,186
WIN,308
atașat,246
pentru,433
a,63
descărca,370
fișierul,248
font,311
zipat.,373
Motivul,951
pentru,232
care,267
leziunile,1997
hipotalamice,1420
afectează,567
grăsimea,650
corporală,494
și,309
semnalizarea,1318
"are,",252
comportamentul,1862
alimentar,281
de,167
"fapt,",125
mult,62
de-a,61
face,558
leptinei.,510
a,933
S-a,246
spus,313
că,522
a,116
trebuit,432
să,102
își,217
croiască,567
drum,281
prin,361
păduri,308
fără,185
"urme,",493
ceea,308
"ce,",122
"îndoială,",623
acest,310
puțin,281
cel,182
cazul,218
fost,531
în,124
oraș.,247
Acest,1493
lucru,369
este,122
"foarte,",501
foarte,335
diferit,448
de,115
modelele,743
pasive,495
citire,310
textului,481
într-o,487
creierul,113
încercarea,65
"viteză,",50
mare,51
Acest,352
manieră,265
liniară,435
de,124
mare,248
"viteză,",800
care,432
se,184
aseamănă,1299
cu,162
încercarea,843
a,123
forța,249
creierul,677
să,449
mie,368
găsească,851
un,166
sens,288
la,187
o,192
gloanțe,310
trec,186
Ca,765
"adjective,",859
terminațiile,806
lor,247
variază,1053
în,63
funcție,248
de,62
substantivele,679
pe,122
care,62
le,186
modifică.,447
În,132
ciuda,166
acestui,692
"fapt,",310
putem,686
vedea,185
că,185
există,247
încă,464
o,116
anumită,566
interacțiune,567
între,432
asupra,499
moderatoare,711
influență,308
McGonagall,800
"McGonagall,",1118
Dumbledore,994
și,247
fiind,247
Dumbledore.,52
de,100
fermă,381
"părților,",433
tuturor,1341
în,123
timp,246
ce,239
manifestă,450
loialitate,303
față,217
utilizați,51
cel,293
De,621
"asemenea,",618
este,369
posibil,515
să,64
existe,935
taxe,232
de,61
licență,630
separate,932
pentru,553
distribuția,618
"GIF,",372
"brevetate,",868
multimedia,1363
date,311
formate,1448
cum,384
ar,115
fi,167
imaginile,429
"care,",313
dacă,51
nu,65
"fapt,",347
"GFDL,",901
fotografia.,398
sau,153
punct,370
din,423
cel,544
puțin,601
vedere,308
"filozofic,",1187
încalcă,667
principiile,382
împiedicându-vă,1899
liber,267
utilizați,400
imaginea,332
Întreaga,909
aplicație,574
asamblată,753
este,622
platforma,994
iar,60
birourile,573
personalului,1482
afectat,717
reprezintă,783
domeniul,483
țintă,323
pentru,250
munca,250
Utilizarea,495
modernă,620
a,62
emoticoanelor,620
în,62
discuțiile,373
electronice,928
se,62
"datorează,",432
"general,",618
1982,247
din,496
propuneri,310
unei,369
Oasele,783
neregulate,1714
au,188
forme,435
"deosebite,",994
nu,201
pot,117
fi,100
grupate,433
sub,100
capetele,654
precedente,1050
și,62
sunt,867
folosite,308
pentru,246
atașarea,749
mușchilor,431
Calcularea,1311
unor,216
astfel,332
de,117
capacități,545
și,62
fie,124
exploatarea,557
"lor,",248
luarea,435
măsurilor,739
ingineria,1671
importantă,306
problemă,868
o,435
contracara,2209
pentru,371
necesare,868
a,64
le,185
reprezintă,791
în,51
electrice.,333
circuitelor,2194
Cu,65
toate,152
"acestea,",516
ar,100
trebui,232
să,100
fie,117
clar,184
că,123
diferite,183
lungimi,248
de,189
undă,184
vor,124
suferi,436
primite.,61
a,61
constructive,63
Cu,417
interferențe,600
constructive,781
pentru,219
diferite,433
unghiuri,676
incidență,283
de,116
a,65
luminii,268
Au,192
fost,318
produse,435
"drame,",311
comedii,247
și,125
toate,250
celelalte,340
forme,267
de,63
"divertisment,",540
precum,850
emisiuni,557
știri,122
muzică.,433
Poșta,308
este,309
generată,347
intern,569
de,188
către,231
sistemul,434
Postfix,435
"însuși,",185
pentru,371
a,62
notifica,369
poștașul,677
fără,50
"asemenea,",373
problemă,675
o,52
despre,615
(această,310
cale,246
"este,",188
indicată,308
cu,124
săgeata,889
etichetă).,698
Tampoanele,924
sensibile,1568
ale,123
degetelor,660
"noastre,",434
folosite,216
ca,116
antene,637
"tactile,",370
detectează,738
cea,268
încordare,546
"tresărire,",493
mică,186
mai,614
sau,166
ezitare,433
de,165
Diagnosticul,934
de,167
schizofrenie,534
nu,116
ar,50
trebui,430
pus,247
în,128
prezența,553
unor,246
simptome,563
depresive,633
că,50
care,66
excepția,434
"extinse,",617
maniacale,753
sau,450
cu,125
cazului,311
este,266
clar,116
simptomele,504
afective.,51
tulburărilor,682
anterioare,483
sunt,500
schizofrenice,1090
Există,593
o,62
ușoară,437
tendință,491
de,117
atac,218
din,66
partea,266
opusă,401
a,65
halogenului.,993
Cu,51
toate,531
"acestea,",60
faptul,283
că,163
scorbutul,988
este,249
cauzat,496
de,188
lipsa,334
vitaminei,783
c,150
a,50
fost,382
descoperit,1368
abia,250
în,62
Același,635
principiu,804
se,125
"aplica,",437
"desigur,",583
și,132
la,101
reflexul,1465
cu,63
un,61
singur,867
"obiectiv,",495
dar,66
primele,590
neplăceri,683
întârzieri,616
provocat,1485
au,51
SLR-uri,798
din,283
cauza,51
necesității,743
de,65
a,187
muta,308
oglinda,67
în,251
permite,433
afara,311
planului,371
focal,61
pentru,618
luminii,385
să,166
ajungă,282
placa,201
spatele,666
După,949
ce,166
Ron,217
aproape,251
că,66
moare,374
bând,245
hidromel,680
"otrăvit,",431
care,251
se,167
pare,616
era,168
destinat,645
încât,541
atât,52
Hermione,550
profesorului,866
"Dumbledore,",727
este,333
de,232
"tulburată,",500
pun,927
dușmăniei,865
lor,62
pentru,310
totdeauna.,621
Deși,806
evreii,62
au,152
fost,216
țintele,300
preferate,538
și,434
sunt,184
victimele,991
despre,249
care,215
auzim,350
cel,167
mai,52
des,283
vorbim,374
când,125
atunci,836
"Holocaust,",681
ei,117
nu,166
singurele,449
Principalul,1039
motiv,434
pentru,334
care,265
nu,52
se,165
permit,867
mai,134
multe,164
ieșiri,335
cu,215
aceeași,400
intrare,450
este,610
aceluiași,609
la,51
aplicăm,400
permite,435
ne,184
acela,431
că,63
să,124
funcție,365
diferite,435
forme,332
ale,167
lucru,372
echivalența,1157
schimba,249
fără,370
acestora.,700
De,787
"asemenea,",417
coeficientul,1317
de,181
frecare,670
variază,431
foarte,745
mult,252
în,187
funcție,117
cele,51
două,185
netezimea,556
"contact,",786
aflate,369
substanțe,1057
precum,466
și,123
temperatura,61
celor,63
substanțe.,815
În,166
chimia,351
"organică,",1114
carbonul,557
este,246
utilizat,434
foarte,557
"frecvent,",768
astfel,466
încât,400
chimiștii,665
știu,60
că,124
capetele,348
carbon,583
de,168
atom,716
există,243
un,101
la,182
fiecărei,308
linii,372
care,245
nu,187
etichetată,618
în,122
mod,744
specific.,1243
Cu,117
toate,868
"acestea,",434
dacă,248
programul,617
este,868
un,189
fel,167
de,167
editor,300
care,216
rulează,350
pe,124
"desktop,",1243
din,125
să,123
posibil,433
doriți,1400
oferiți,931
operatorului,988
opțiunea,547
a,65
salva,252
informațiile,384
introduse,817
program.,772
iasă,248
loc,187
trudă,434
cu,370
în,124
Un,1248
alfabet,981
ingenios,634
le-a,304
permis,247
mayașilor,683
să,185
înregistreze,747
informații,734
pe,117
monumentele,1177
multe,247
de,117
modalitate,748
antropologilor,1812
oferindu-le,826
templele,556
și,184
"lor,",186
o,62
excelentă,993
a,132
afla,217
mai,166
mayașă.,51
cultura,553
viața,244
despre,444
În,50
"general,",1020
se,116
crede,61
pilusul,1522
este,102
asamblat,550
de,215
la,166
baza,268
"sa,",217
deoarece,432
în,62
membrana,991
găsește,383
celulară,840
o,117
rezervă,317
pilină.,434
Când,616
ajung,400
la,63
"destinație,",766
cu,217
terasa,566
umbrită,248
încă,434
"vedere,",497
desfășor,494
prosoapele,871
și,126
mă,123
înclinat.,617
întind,558
confortabil,868
pe,125
scaunul,492
Deoarece,497
majoritatea,743
manualelor,1055
sunt,369
elaborate,806
de,151
către,369
sau,744
pe,552
baza,173
contribuțiilor,1168
respectată.,742
"este,",298
această,603
"domeniu,",680
experților,1015
în,184
cerință,551
"obicei,",1026
bine,61
sferică,63
Mărimea,1421
razei,557
de,185
aggro,765
variază,533
uneori,367
în,125
funcție,381
facțiune,668
și,123
con,373
poate,1240
sferică,683
anumite,619
medii.,684
Deși,683
Harry,342
va,186
deveni,309
"excepție,",682
există,311
un,186
alt,186
"elev,",465
asemenea,60
de,215
orfan,368
și,51
vrăjitor,535
atenție,491
acordat,1015
"talentat,",677
căruia,497
Dumbledore,797
i-a,101
el,49
o,227
"sporită,",492
deși,268
nu,186
același,64
mod,167
Harry.,609
cazul,231
în,333
ca,217
lui,152
Ea,935
aranjează,635
împrumutul,1098
unui,317
reparator,1507
de,61
la,1002
un,184
"concurent,",1218
dar,50
între,573
timp,315
lanterne,357
oameni,434
mare,245
număr,493
organizează,246
cu,63
într-un,550
sistem,449
manual,1002
semnalizare.,1428
"Există,",512
de,112
"asemenea,",718
diferite,504
stiluri,333
editare,473
în,64
sensul,428
cât,104
îndrăzneți,634
sunt,115
dispuși,851
să,488
fie,122
oamenii.,370
Fusese,808
surprinsă,618
de,843
faptul,287
că,104
Taggart,645
trecuse,372
într-o,229
"zi,",171
din,183
"senin,",285
prin,123
camera,499
ei,188
Pentru,372
a,248
familiariza,684
cu,371
demonstrația,850
matematică,748
"și,",124
de,368
"asemenea,",368
unele,457
Demonstrație,581
concepte,784
matematice,929
"bază,",554
cititorii,993
pot,311
citi,312
wikibook,466
Senzorul,818
Hall,306
și,63
inductorul,869
utilizează,1476
o,168
proprietate,1410
a,432
câmpului,554
magnetic,492
pentru,368
detecta,766
curentul,483
printr-un,726
conductor,617
din,123
Acestea,933
"sunt,",125
în,186
"principal,",430
linii,832
directoare,883
privind,610
comportamentul,1048
"administratorilor,",1542
atunci,558
utile,412
pot,367
dar,467
fi,50
când,308
aveți,438
un,63
litigiu,426
serios,368
cu,100
administratorii,766
sau,216
vă,995
comisii,593
și,117
comisarilor,999
adresați,653
unei,217
de,125
arbitraj.,494
Nu,309
uitați,50
că,64
textul,351
Nu,249
uitați,100
că,183
textul,284
va,246
curge,282
și,167
se,280
înfășura,372
diferit,434
pentru,370
alți,126
"utilizatori,",680
în,125
funcție,59
de,122
implicită,371
dimensiunea,799
rezoluția,1901
browserul,972
"ales,",334
"ecranului,",554
a,61
"fontului,",553
opțiunile,62
(cum,400
bare,216
numărul,673
"accesibilitate,",679
instrumente,740
laterale,452
ar,114
fi,67
panourile,932
altele.,284
instantanee),1134
mesagerie,717
Pe,166
partea,484
"germană,",1009
"însă,",181
s-a,124
format,558
un,185
decalaj,495
între,246
cele,286
mai,216
vestice,350
corpuri,616
de,867
"armată,",741
iar,124
înaintarea,495
rapidă,432
a,125
epuizat,556
trupele.,367
Un,102
lucru,982
important,767
de,124
menționat,743
este,433
faptul,247
că,61
caracterele,755
pentru,283
cifre,217
sunt,667
corespunzător,65
reprezentate,922
diferit,371
numărul,492
lor,185
vecine,345
Conexiunile,1616
intercelulare,855
permit,502
heterocitelor,1318
să,124
transporte,556
azotul,675
fixat,348
către,383
celulele,1332
vecine,739
și,123
primească,371
carbohidrați.,680
Puteți,1151
extrage,464
un,151
singur,482
document,432
dintr-o,187
astfel,372
de,63
colecție,494
și,310
îl,61
puteți,565
distribui,550
copie,333
condiția,583
să,122
extras,127
documentul,432
licențe,435
individual,673
în,63
temeiul,621
prezentei,497
"licențe,",218
cu,116
inserați,284
o,115
a,50
licență,367
respectați,367
prezenta,309
toate,185
celelalte,431
documentului,435
copierea,309
privește,370
ce,62
ceea,185
privințe,499
textuală,281
respectiv.,781
O,65
altă,400
carte,1083
separată,373
tratează,744
foile,492
de,249
stil,308
în,125
cascadă,558
"(CSS),",464
care,267
se,50
ocupă,184
aspectul,798
CSS.,51
abordează,602
față,368
cartea,519
general,868
și,123
"stilizare,",1215
dar,165
pe,125
scurt,310
Budismul,993
și,232
jainismul,1000
au,184
multe,499
teme,308
practici,668
"comune,",334
inclusiv,282
accentul,635
pus,315
pe,131
renunțarea,834
la,116
ajunge,126
credința,1148
nonviolență,1427
că,231
se,1259
eliberare,833
prin,218
legăturile,839
lumești,431
merite,374
acumularea,555
"karma,",555
procesul,463
iluzie,466
leagă,212
care,434
indivizi,717
de,62
bune,849
rele.,167
În,51
fiecare,423
"an,",124
numărul,432
de,185
membri,495
ai,187
acestui,432
club,333
"crește,",384
iar,100
nevoia,382
lideri,217
numele,247
sub,247
și,417
cunoscuți,310
grupuri,683
"mici,",124
Facilitatori,799
"nucleu,",433
în,247
cămine,247
crește,396
În,233
"prezent,",507
un,187
loc,183
este,183
egal,186
cu,185
aproximativ,985
600,399
0,267
de,167
alegători.,501
